<?xml version="1.0" encoding="UTF-8"?>
<project-private xmlns="http://www.netbeans.org/ns/project-private/1">
    <editor-bookmarks xmlns="http://www.netbeans.org/ns/editor-bookmarks/2" lastBookmarkId="0"/>
    <open-files xmlns="http://www.netbeans.org/ns/projectui-open-files/2">
        <group name="grpCBaseDeDatos">
            <file>file:/base/Proyecto/NetBeansLX/FichaDeEmpleado/src/fichadeempleado/FichaDeEmpleado.java</file>
            <file>file:/base/Proyecto/NetBeansLX/FichaDeEmpleado/src/fichadeempleado/fdeFicha.java</file>
        </group>
        <group>
            <file>file:/C:/base/Proyecto/NetBeans/FichaDeEmpleado/src/fichadeempleado/fdeFicha.java</file>
        </group>
    </open-files>
</project-private>
